,lincomep,lrpmg,lcarpcap,_cons
lincomep,0.01532521,,,
lrpmg,-0.00004789,0.0021749,,
lcarpcap,-0.00522478,-0.00016187,0.00319568,
_cons,0.05398585,0.00226639,-0.00642323,0.31966023
